Date,Time,Month,Year,Amount_INR,Status,Transactions_Count,Date_Raw
27-Mar-2026,00:03 AM,March,2026,122.33,Completed,1,"27 Mar, 2026; 00:03 AM"
24-Mar-2026,00:03 AM,March,2026,103.51,Completed,1,"24 Mar, 2026; 00:03 AM"
10-Mar-2026,00:03 AM,March,2026,112.92,Completed,1,"10 Mar, 2026; 00:03 AM"
02-Mar-2026,00:03 AM,March,2026,112.92,Completed,1,"02 Mar, 2026; 00:03 AM"
28-Feb-2026,00:02 AM,February,2026,112.92,Completed,1,"28 Feb, 2026; 00:02 AM"
19-Feb-2026,00:02 AM,February,2026,103.51,Completed,1,"19 Feb, 2026; 00:02 AM"
18-Feb-2026,00:02 AM,February,2026,301.12,Completed,1,"18 Feb, 2026; 00:02 AM"
16-Feb-2026,00:02 AM,February,2026,112.92,Completed,1,"16 Feb, 2026; 00:02 AM"
15-Feb-2026,00:02 AM,February,2026,423.45,Completed,2,"15 Feb, 2026; 00:02 AM"
11-Feb-2026,00:02 AM,February,2026,301.12,Completed,1,"11 Feb, 2026; 00:02 AM"
06-Feb-2026,10:02 AM,February,2026,112.92,Completed,1,"06 Feb, 2026; 10:02 AM"
05-Feb-2026,00:02 AM,February,2026,112.92,Completed,1,"05 Feb, 2026; 00:02 AM"
02-Feb-2026,00:02 AM,February,2026,112.92,Completed,1,"02 Feb, 2026; 00:02 AM"
30-Jan-2026,00:01 AM,January,2026,301.12,Completed,1,"30 Jan, 2026; 00:01 AM"
29-Jan-2026,00:01 AM,January,2026,216.43,Completed,2,"29 Jan, 2026; 00:01 AM"
28-Jan-2026,00:01 AM,January,2026,112.92,Completed,1,"28 Jan, 2026; 00:01 AM"
26-Jan-2026,00:01 AM,January,2026,103.51,Completed,1,"26 Jan, 2026; 00:01 AM"
23-Jan-2026,00:01 AM,January,2026,103.51,Completed,1,"23 Jan, 2026; 00:01 AM"
22-Jan-2026,00:01 AM,January,2026,216.43,Completed,2,"22 Jan, 2026; 00:01 AM"
20-Jan-2026,00:01 AM,January,2026,103.51,Completed,1,"20 Jan, 2026; 00:01 AM"
18-Jan-2026,00:01 AM,January,2026,112.92,Completed,1,"18 Jan, 2026; 00:01 AM"
13-Jan-2026,00:01 AM,January,2026,112.92,Completed,1,"13 Jan, 2026; 00:01 AM"
12-Jan-2026,00:01 AM,January,2026,329.35,Completed,3,"12 Jan, 2026; 00:01 AM"
11-Jan-2026,00:01 AM,January,2026,112.92,Completed,1,"11 Jan, 2026; 00:01 AM"
10-Jan-2026,00:01 AM,January,2026,442.27,Completed,4,"10 Jan, 2026; 00:01 AM"
