Date,Time,Month,Year,Type,Amount_INR,Status,Note,Date_Raw
07-Jul-2025,02:54:04,July,2025,Deposit,500.00,Completed,Deposit,"Mon, Jul 7, 2025, 02:54:04 GMT+00:00"
07-Jul-2025,03:47:22,July,2025,Deposit,500.00,Completed,Deposit,"Mon, Jul 7, 2025, 03:47:22 GMT+00:00"
07-Jul-2025,03:56:29,July,2025,Withdrawal,-450.00,Completed,Bank Withdrawal,"Mon, Jul 7, 2025, 03:56:29 GMT+00:00"
07-Jul-2025,04:03:51,July,2025,Deposit,500.00,Completed,Deposit,"Mon, Jul 7, 2025, 04:03:51 GMT+00:00"
07-Jul-2025,04:12:01,July,2025,Withdrawal,-450.00,Completed,Bank Withdrawal,"Mon, Jul 7, 2025, 04:12:01 GMT+00:00"
07-Jul-2025,04:56:49,July,2025,Deposit,500.00,Completed,Deposit,"Mon, Jul 7, 2025, 04:56:49 GMT+00:00"
07-Jul-2025,05:17:17,July,2025,Withdrawal,-450.00,Completed,Bank Withdrawal,"Mon, Jul 7, 2025, 05:17:17 GMT+00:00"
07-Jul-2025,05:35:00,July,2025,Deposit,500.00,Completed,Deposit,"Mon, Jul 7, 2025, 05:35:00 GMT+00:00"
07-Jul-2025,05:43:41,July,2025,Deposit,500.00,Completed,Deposit,"Mon, Jul 7, 2025, 05:43:41 GMT+00:00"
07-Jul-2025,05:45:42,July,2025,Withdrawal,-450.00,Completed,Bank Withdrawal,"Mon, Jul 7, 2025, 05:45:42 GMT+00:00"
07-Jul-2025,05:52:57,July,2025,Withdrawal,-450.00,Completed,Bank Withdrawal,"Mon, Jul 7, 2025, 05:52:57 GMT+00:00"
07-Jul-2025,06:00:34,July,2025,Withdrawal,-450.00,Completed,Bank Withdrawal,"Mon, Jul 7, 2025, 06:00:34 GMT+00:00"
07-Jul-2025,06:28:51,July,2025,Deposit,500.00,Completed,Deposit,"Mon, Jul 7, 2025, 06:28:51 GMT+00:00"
08-Jul-2025,14:21:35,July,2025,Deposit,500.00,Completed,Deposit,"Tue, Jul 8, 2025, 14:21:35 GMT+00:00"
08-Jul-2025,14:28:44,July,2025,Withdrawal,-450.00,Completed,Bank Withdrawal,"Tue, Jul 8, 2025, 14:28:44 GMT+00:00"
08-Jul-2025,14:37:01,July,2025,Deposit,500.00,Completed,Deposit,"Tue, Jul 8, 2025, 14:37:01 GMT+00:00"
08-Jul-2025,14:54:00,July,2025,Deposit,500.00,Completed,Deposit,"Tue, Jul 8, 2025, 14:54:00 GMT+00:00"
08-Jul-2025,15:07:31,July,2025,Withdrawal,-450.00,Completed,Bank Withdrawal,"Tue, Jul 8, 2025, 15:07:31 GMT+00:00"
08-Jul-2025,15:13:26,July,2025,Deposit,500.00,Completed,Deposit,"Tue, Jul 8, 2025, 15:13:26 GMT+00:00"
08-Jul-2025,15:36:38,July,2025,Withdrawal,-450.00,Completed,Bank Withdrawal,"Tue, Jul 8, 2025, 15:36:38 GMT+00:00"
08-Jul-2025,15:40:57,July,2025,Deposit,500.00,Completed,Deposit,"Tue, Jul 8, 2025, 15:40:57 GMT+00:00"
08-Jul-2025,15:44:50,July,2025,Deposit,500.00,Completed,Deposit,"Tue, Jul 8, 2025, 15:44:50 GMT+00:00"
08-Jul-2025,15:49:06,July,2025,Withdrawal,-450.00,Completed,Bank Withdrawal,"Tue, Jul 8, 2025, 15:49:06 GMT+00:00"
08-Jul-2025,15:50:57,July,2025,Withdrawal,-450.00,Completed,Bank Withdrawal,"Tue, Jul 8, 2025, 15:50:57 GMT+00:00"
08-Jul-2025,15:53:54,July,2025,Withdrawal,-450.00,Cancelled,Withdrawal Cancelled (Refunded at 16:58:25),"Tue, Jul 8, 2025, 15:53:54 GMT+00:00"
08-Jul-2025,16:01:34,July,2025,Deposit,500.00,Completed,Deposit,"Tue, Jul 8, 2025, 16:01:34 GMT+00:00"
08-Jul-2025,16:58:25,July,2025,Withdrawal,450.00,Cancelled,Reversal Credit to Casino Balance,"Tue, Jul 8, 2025, 16:58:25 GMT+00:00"
09-Jul-2025,14:37:45,July,2025,Withdrawal,-900.00,Completed,Bank Withdrawal,"Wed, Jul 9, 2025, 14:37:45 GMT+00:00"
09-Jul-2025,14:42:58,July,2025,Deposit,500.00,Completed,Deposit,"Wed, Jul 9, 2025, 14:42:58 GMT+00:00"
09-Jul-2025,15:06:53,July,2025,Deposit,500.00,Completed,Deposit,"Wed, Jul 9, 2025, 15:06:53 GMT+00:00"
09-Jul-2025,15:10:30,July,2025,Withdrawal,-450.00,Completed,Bank Withdrawal,"Wed, Jul 9, 2025, 15:10:30 GMT+00:00"
09-Jul-2025,15:37:22,July,2025,Deposit,500.00,Completed,Deposit,"Wed, Jul 9, 2025, 15:37:22 GMT+00:00"
11-Jul-2025,04:10:39,July,2025,Deposit,500.00,Completed,Deposit,"Fri, Jul 11, 2025, 04:10:39 GMT+00:00"
11-Jul-2025,04:34:23,July,2025,Deposit,500.00,Completed,Deposit,"Fri, Jul 11, 2025, 04:34:23 GMT+00:00"
19-Jul-2025,04:14:22,July,2025,Deposit,500.00,Completed,Deposit,"Sat, Jul 19, 2025, 04:14:22 GMT+00:00"
19-Jul-2025,04:25:08,July,2025,Withdrawal,-475.00,Completed,Bank Withdrawal,"Sat, Jul 19, 2025, 04:25:08 GMT+00:00"
20-Jul-2025,07:39:29,July,2025,Deposit,500.00,Completed,Deposit,"Sun, Jul 20, 2025, 07:39:29 GMT+00:00"
26-Jul-2025,13:15:37,July,2025,Deposit,500.00,Completed,Deposit,"Sat, Jul 26, 2025, 13:15:37 GMT+00:00"
26-Jul-2025,13:49:03,July,2025,Withdrawal,-503.50,Completed,Bank Withdrawal,"Sat, Jul 26, 2025, 13:49:03 GMT+00:00"
27-Jul-2025,10:30:24,July,2025,Deposit,500.00,Completed,Deposit,"Sun, Jul 27, 2025, 10:30:24 GMT+00:00"
27-Jul-2025,11:40:55,July,2025,Withdrawal,-484.50,Completed,Bank Withdrawal,"Sun, Jul 27, 2025, 11:40:55 GMT+00:00"
28-Jul-2025,06:21:48,July,2025,Deposit,500.00,Completed,Deposit,"Mon, Jul 28, 2025, 06:21:48 GMT+00:00"
28-Jul-2025,06:30:09,July,2025,Withdrawal,-494.00,Completed,Bank Withdrawal,"Mon, Jul 28, 2025, 06:30:09 GMT+00:00"
28-Jul-2025,11:04:41,July,2025,Deposit,500.00,Completed,Deposit,"Mon, Jul 28, 2025, 11:04:41 GMT+00:00"
28-Jul-2025,11:43:37,July,2025,Withdrawal,-498.75,Completed,Bank Withdrawal,"Mon, Jul 28, 2025, 11:43:37 GMT+00:00"
29-Jul-2025,01:52:58,July,2025,Deposit,500.00,Completed,Deposit,"Tue, Jul 29, 2025, 01:52:58 GMT+00:00"
29-Jul-2025,02:07:19,July,2025,Withdrawal,-500.65,Completed,Bank Withdrawal,"Tue, Jul 29, 2025, 02:07:19 GMT+00:00"
29-Jul-2025,04:49:53,July,2025,Deposit,500.00,Completed,Deposit,"Tue, Jul 29, 2025, 04:49:53 GMT+00:00"
29-Jul-2025,05:07:52,July,2025,Withdrawal,-555.75,Completed,Bank Withdrawal,"Tue, Jul 29, 2025, 05:07:52 GMT+00:00"
29-Jul-2025,07:05:20,July,2025,Deposit,500.00,Completed,Deposit,"Tue, Jul 29, 2025, 07:05:20 GMT+00:00"
29-Jul-2025,07:19:52,July,2025,Withdrawal,-712.50,Completed,Bank Withdrawal,"Tue, Jul 29, 2025, 07:19:52 GMT+00:00"
30-Jul-2025,02:47:23,July,2025,Deposit,500.00,Completed,Deposit,"Wed, Jul 30, 2025, 02:47:23 GMT+00:00"
30-Jul-2025,03:06:12,July,2025,Deposit,500.00,Completed,Deposit,"Wed, Jul 30, 2025, 03:06:12 GMT+00:00"
04-Aug-2025,09:56:29,August,2025,Withdrawal,-1000.35,Completed,Bank Withdrawal,"Mon, Aug 4, 2025, 09:56:29 GMT+00:00"
05-Aug-2025,09:53:05,August,2025,Deposit,500.00,Completed,Deposit,"Tue, Aug 5, 2025, 09:53:05 GMT+00:00"
05-Aug-2025,10:03:56,August,2025,Withdrawal,-500.65,Cancelled,Withdrawal Cancelled (Refunded at 10:04:05),"Tue, Aug 5, 2025, 10:03:56 GMT+00:00"
05-Aug-2025,10:04:05,August,2025,Withdrawal,500.65,Cancelled,Reversal Credit to Casino Balance,"Tue, Aug 5, 2025, 10:04:05 GMT+00:00"
05-Aug-2025,10:04:47,August,2025,Withdrawal,-500.65,Cancelled,Withdrawal Cancelled (Refunded at 10:04:56),"Tue, Aug 5, 2025, 10:04:47 GMT+00:00"
05-Aug-2025,10:04:56,August,2025,Withdrawal,500.65,Cancelled,Reversal Credit to Casino Balance,"Tue, Aug 5, 2025, 10:04:56 GMT+00:00"
15-Oct-2025,01:57:02,October,2025,Deposit,500.00,Completed,Deposit,"Wed, Oct 15, 2025, 01:57:02 GMT+00:00"
15-Oct-2025,12:38:55,October,2025,Deposit,1000.00,Completed,Deposit,"Wed, Oct 15, 2025, 12:38:55 GMT+00:00"
