Date,Time,Month,Year,Amount_INR
05-Apr-2026,22:07:23,April,2026,1.00
06-Apr-2026,00:31:44,April,2026,2.00
06-Apr-2026,13:03:16,April,2026,1.00
08-Apr-2026,18:48:01,April,2026,1.00
09-Apr-2026,00:35:08,April,2026,1.00
09-Apr-2026,00:56:55,April,2026,1.00
09-Apr-2026,01:02:18,April,2026,1.00
09-Apr-2026,01:08:50,April,2026,1.00
09-Apr-2026,01:20:06,April,2026,1.00
09-Apr-2026,01:43:32,April,2026,1.00
09-Apr-2026,02:31:06,April,2026,1.00
09-Apr-2026,02:37:55,April,2026,1.00
09-Apr-2026,02:43:55,April,2026,1.00
09-Apr-2026,02:59:23,April,2026,1.00
09-Apr-2026,03:03:39,April,2026,1.02
09-Apr-2026,03:11:35,April,2026,1.02
09-Apr-2026,03:19:04,April,2026,1.02
09-Apr-2026,04:07:48,April,2026,1.00
09-Apr-2026,05:08:04,April,2026,99.00
09-Apr-2026,05:47:08,April,2026,1.00
09-Apr-2026,13:52:24,April,2026,1.02
09-Apr-2026,15:10:53,April,2026,1.02
09-Apr-2026,15:23:29,April,2026,1.02
09-Apr-2026,15:35:08,April,2026,1.03
09-Apr-2026,15:37:05,April,2026,1.04
09-Apr-2026,15:48:31,April,2026,1.03
09-Apr-2026,15:49:17,April,2026,1.03
09-Apr-2026,16:14:15,April,2026,1.03
09-Apr-2026,19:01:01,April,2026,1.03
09-Apr-2026,20:37:40,April,2026,1.04
09-Apr-2026,20:46:42,April,2026,1.03
09-Apr-2026,20:52:48,April,2026,1.03
09-Apr-2026,23:13:51,April,2026,1.04
09-Apr-2026,23:35:07,April,2026,1.03
09-Apr-2026,23:36:22,April,2026,1.03
10-Apr-2026,02:05:43,April,2026,1.04
11-Apr-2026,13:45:14,April,2026,1.00
24-Apr-2026,23:07:58,April,2026,1.00
28-Apr-2026,19:55:21,April,2026,6.00
29-Apr-2026,01:00:18,April,2026,1.00
29-Apr-2026,11:29:17,April,2026,1.00
30-Apr-2026,09:33:02,April,2026,1.00
01-May-2026,11:55:48,May,2026,10.00
01-May-2026,12:03:48,May,2026,10.00
02-May-2026,00:17:59,May,2026,6.00
02-May-2026,00:18:40,May,2026,6.00
02-May-2026,10:52:08,May,2026,1.00
27-May-2026,15:12:54,May,2026,99.01
27-May-2026,21:01:26,May,2026,180.00
31-May-2026,08:16:02,May,2026,1.00
03-Jun-2026,19:36:25,June,2026,110.00
